<?xml version="1.0" encoding="ISO-8859-1"?>
<metadata>
	<idinfo>
		<citation>
			<citeinfo>
				<origin>U.S. Geological Survey, Central Energy Resources Team, Mark J. Pawlewicz, USGS, Denver, CO (comp.), Angela J. Williams, Contractor to USGS, Menlo Park, CA (comp.), Susan M. Walden, Contractor to USGS, Denver, CO (comp.), Douglas W. Steinshouer, Contractor to USGS, Denver, CO (comp.)</origin>
				<title>Generalized Geology of Europe including Turkey (geo4_2l)</title>
				<geoform>Downloadable GIS Data</geoform>
				<pubinfo>
					<publish>U.S. Geological Survey, Central Energy Resources Team</publish>
				</pubinfo>
				<onlink>http://energy.cr.usgs.gov/oilgas/wep/</onlink>
				<lworkcit>
					<citeinfo>
						<origin>Mark Pawlewicz, USGS, Denver, CO (comp.), Douglas Steinshouer, Contractor to USGS, Denver, CO (comp.), Donald Gautier, USGS, Menlo Park, CA</origin>
						<pubdate>2003</pubdate>
						<title>Map Showing Geology, Oil and Gas Fields,
and Geologic Provinces of Europe including Turkey</title>
						<geoform>map</geoform>
						<serinfo>
							<sername>U.S. Geological Survey Open-File Report</sername>
							<issue>OFR-97-470-I</issue>
						</serinfo>
						<pubinfo>
							<pubplace>Denver, CO</pubplace>
							<publish>U.S. Geological Survey, Central Energy Resources Team</publish>
						</pubinfo>
						<othercit>Open File Report 97-470I is one of a series of continental-scale geologic maps of the world being published on CD-ROM by the U.S. Geological Survey World Energy Project.</othercit>					<onlink>http://pubs.usgs.gov/of/1997/ofr-97-470/OF97-470I/index.htm</onlink>
					</citeinfo>
				</lworkcit>
			</citeinfo>
		</citation>
		<descript>
			<abstract>
This coverage includes arcs, polygons, and polygon labels that describe the generalized geologic age of
surface outcrops of bedrock of Europe including Turkey (Albania, Andorra, Austria, Belgium,
Bosnia and Herzegovina, Bulgaria, Croatia, Cyprus, Czech Republic, Denmark, Finland, France, Germany,
Greece, Hungary, Iceland, Ireland, Italy, Liechtenstein, Luxembourg, The Former Yugoslav Republic
of Macedonia, Malta, Monaco, Netherlands, Norway, Poland, Portugal, Romania, San Marino,
Serbia and Montenegro, Slovakia, Slovenia, Spain, Sweden, Switzerland, Turkey, United Kingdom
and Vatican City.) It also includes shorelines and inland water bodies.
</abstract>
			<purpose>
To delineate geologic contacts and thematically depict generalized
geologic age of outcrops in Open File Report 97-470I Map Showing
Geology, Oil and Gas Fields, and Geologic Provinces of Europe including Turkey, which
is being compiled as a reference for the U.S. Geological Survey's World
Energy Project assessment of undiscovered, technically recoverable oil
and gas resources of the world.  This coverage is used to produce a map
and an Adobe Acrobat Portable Document file of the map. An Arcview shapefile
derived from this coverage is used in an Arcview project and in an ArcExplorer
project.
</purpose>
		</descript>
		<timeperd>
			<timeinfo>
				<sngdate>
					<caldate>2002</caldate>
				</sngdate>
			</timeinfo>
			<current>Date of publication</current>
		</timeperd>
		<status>
			<progress>Complete</progress>
			<update>Not planned</update>
		</status>
		<spdom>
			<bounding>
				<westbc>-24.5386</westbc>
				<eastbc>44.8228</eastbc>
				<northbc>80.7618</northbc>
				<southbc>34.5522</southbc>
			</bounding>
		</spdom>
		<keywords>
			<theme>
				<themekt>None</themekt>
				<themekey>Geology</themekey>
				<themekey>Age</themekey>
				<themekey>Generalized geology</themekey>
				<themekey>Geologic age</themekey>
				<themekey>Oil</themekey>
				<themekey>Gas</themekey>
				<themekey>Geologic Province</themekey>
				<themekey>Geologic map</themekey>
			</theme>
			<theme>
				<themekt>Gateway to the Earth Thesaurus</themekt>
				<themekey>Oil shale resources</themekey>
				<themekey>Oil sand resources</themekey>
				<themekey>Natural gas resources</themekey>
				<themekey>Economic geology</themekey>
			</theme>
			<theme>
				<themekt>USGS Energy Program Themes Thesaurus</themekt>
				<themekey>Earth Science</themekey>
				<themekey>Natural Resources</themekey>
				<themekey>U.S. Geological Survey</themekey>
				<themekey>USGS</themekey>
				<themekey>Geology</themekey>
				<themekey>Oil</themekey>
				<themekey>Natural Gas</themekey>
				<themekey>Petroleum</themekey>
				<themekey>Resource Assessment</themekey>
			</theme>
			<place>
				<placekt>None</placekt>
				<placekey>Europe</placekey>
				<placekey>Albania</placekey>
				<placekey>Andorra</placekey>
				<placekey>Austria</placekey>
				<placekey>Belgium</placekey>
				<placekey>Bosnia and Herzegovina</placekey>
				<placekey>Bulgaria</placekey>
				<placekey>Croatia</placekey>
				<placekey>Cyprus</placekey>
				<placekey>Czech Republic</placekey>
				<placekey>Denmark</placekey>
				<placekey>Finland</placekey>
				<placekey>France</placekey>
				<placekey>Germany</placekey>
				<placekey>Greece</placekey>
				<placekey>Hungary</placekey>
				<placekey>Iceland</placekey>
				<placekey>Ireland</placekey>
				<placekey>Italy</placekey>
				<placekey>Liechtenstein</placekey>
				<placekey>Luxembourg</placekey>
				<placekey>The Former Yugoslav Republic of Macedonia</placekey>
				<placekey>Malta</placekey>
				<placekey>Monaco</placekey>
				<placekey>Netherlands</placekey>
				<placekey>Norway</placekey>
				<placekey>Poland</placekey>
				<placekey>Portugal</placekey>
				<placekey>Romania</placekey>
				<placekey>San Marino</placekey>
				<placekey>Serbia and Montenegro</placekey>
				<placekey>Slovakia</placekey>
				<placekey>Slovenia</placekey>
				<placekey>Spain</placekey>
				<placekey>Sweden</placekey>
				<placekey>Switzerland</placekey>
				<placekey>Turkey</placekey>
				<placekey>United Kingdom</placekey>
				<placekey>Vatican City</placekey>
				<placekey>Faroe Islands</placekey>
				<placekey>Gibraltar</placekey>
				<placekey>Guernsey</placekey>
				<placekey>Jersey</placekey>
				<placekey>Isle of Man</placekey>
				<placekey>Svalbard</placekey>
				<placekey>AL</placekey>
				<placekey>AN</placekey>
				<placekey>AU</placekey>
				<placekey>BE</placekey>
				<placekey>BK</placekey>
				<placekey>BU</placekey>
				<placekey>HR</placekey>
				<placekey>CY</placekey>
				<placekey>EZ</placekey>
				<placekey>DA</placekey>
				<placekey>FO</placekey>
				<placekey>FI</placekey>
				<placekey>FR</placekey>
				<placekey>GM</placekey>
				<placekey>GI</placekey>
				<placekey>GR</placekey>
				<placekey>HU</placekey>
				<placekey>IC</placekey>
				<placekey>EI</placekey>
				<placekey>GK</placekey>
				<placekey>IT</placekey>
				<placekey>JE</placekey>
				<placekey>LS</placekey>
				<placekey>LU</placekey>
				<placekey>MK</placekey>
				<placekey>IM</placekey>
				<placekey>MN</placekey>
				<placekey>MW</placekey>
				<placekey>NL</placekey>
				<placekey>NO</placekey>
				<placekey>PL</placekey>
				<placekey>PO</placekey>
				<placekey>RO</placekey>
				<placekey>SM</placekey>
				<placekey>SR</placekey>
				<placekey>LO</placekey>
				<placekey>SI</placekey>
				<placekey>SP</placekey>
				<placekey>SV</placekey>
				<placekey>SW</placekey>
				<placekey>SZ</placekey>
				<placekey>TU</placekey>
				<placekey>UK</placekey>
				<placekey>VT</placekey>
			</place>
			 <place>
  <placekt>USGS Energy Program Petroleum Assessment Units</placekt> 
  <placekey>Adana/Sivas, Province 2079</placekey> 
  <placekey>Adriatic Basin, Province 4058</placekey> 
  <placekey>Aegean, Province 4075</placekey> 
  <placekey>Alentejo-Guadalquivir Basin, Province 4077</placekey> 
  <placekey>Alps, Province 4051</placekey> 
  <placekey>Andalucia, Province 4088</placekey> 
  <placekey>Anglo-Dutch Basin, Province 4036</placekey> 
  <placekey>Anglo-Paris Basin, Province 4040</placekey> 
  <placekey>Apulia Platform, Province 4059</placekey> 
  <placekey>Aquitaine Basin, Province 4045</placekey> 
  <placekey>Araks, Province 2080</placekey> 
  <placekey>Armoricia, Province 4041</placekey> 
  <placekey>Baltic Depression, Province 4021</placekey> 
  <placekey>Baltic Shield-Norwegian Caledonides, Province 4016</placekey> 
  <placekey>Barents Continental Slope, Province 4013</placekey> 
  <placekey>Betic Zone, Province 4078</placekey> 
  <placekey>Bohemia, Province 4046</placekey> 
  <placekey>Bresse Depression, Province 4054</placekey> 
  <placekey>Carpathian-Balkanian Basin, Province 4061</placekey> 
  <placekey>Corsican-Sardinian Basins, Province 4067</placekey> 
  <placekey>Crete, Province 4076</placekey> 
  <placekey>Dinaric Alps, Province 4071</placekey> 
  <placekey>Dobrogean Orogen, Province 4063</placekey> 
  <placekey>Faeroes-Shetland-Orkney Basin, Province 4019</placekey> 
  <placekey>Fennoscandian Border-Danish-Polish Margin, Province 4022</placekey> 
  <placekey>Galician Basin, Province 4073</placekey> 
  <placekey>German-Polish Basin, Province 4033</placekey> 
  <placekey>Hammerfest-Varanger Basin, Province 4015</placekey> 
  <placekey>Hatton-Rockall Basin, Province 4020</placekey> 
  <placekey>Horda-Norwegian-Danish Basin, Province 4023</placekey> 
  <placekey>Iberian Massif, Province 4072</placekey> 
  <placekey>Iberic Cordillera, Province 4083</placekey> 
  <placekey>Ireland-Scotland Platform, Province 4026</placekey> 
  <placekey>Irish Sea, Province 4030</placekey> 
  <placekey>Jura, Province 4052</placekey> 
  <placekey>Kardiff/Menders Massif, Province 2084</placekey> 
  <placekey>Lesser Caucasus, Province 2081</placekey> 
  <placekey>Lion-Camargue, Province 4056</placekey> 
  <placekey>London-Brabant Platform, Province 4037</placekey> 
  <placekey>Lusitanian Basin, Province 4074</placekey> 
  <placekey>Massif Central, Province 4043</placekey> 
  <placekey>Midland Valley-Forth Approaches Basin, Province 4027</placekey> 
  <placekey>Mid-North Sea High, Province 4028</placekey> 
  <placekey>Molasse Basin, Province 4049</placekey> 
  <placekey>Munsterland Basin, Province 4038</placekey> 
  <placekey>North Carpathian Basin, Province 4047</placekey> 
  <placekey>North Sea Graben, Province 4025</placekey> 
  <placekey>Northwest German Basin, Province 4035</placekey> 
  <placekey>Pannonian Basin, Province 4048</placekey> 
  <placekey>Po Basin, Province 4060</placekey> 
  <placekey>Provence Basin, Province 4068</placekey> 
  <placekey>Pyrenean Foothills-Ebro Basin, Province 4044</placekey> 
  <placekey>Rhine Graben, Province 4055</placekey> 
  <placekey>Sicily, Province 4066</placekey> 
  <placekey>Southwest German Basin, Province 4039</placekey> 
  <placekey>Spanish Trough-Cantabrian Zone, Province 4070</placekey> 
  <placekey>Tajo-Duero Basin, Province 4082</placekey> 
  <placekey>Thrace/Samsun, Province 2085</placekey> 
  <placekey>Trans-Graben, Province 4053</placekey> 
  <placekey>Transylvanian Basin, Province 4057</placekey> 
  <placekey>Troms-Bjornoya, Province 4014</placekey> 
  <placekey>Tuscany-Latium-Paola, Province 4062</placekey> 
  <placekey>Tuz/Corum, Province 2083</placekey> 
  <placekey>Tyrrhenian Basin, Province 4069</placekey> 
  <placekey>Vestford-Helgeland, Province 4017</placekey> 
  <placekey>West Black Sea Basin, Province 4064</placekey> 
  <placekey>Belorussian-Voronezh High, Province 1004</placekey> 
  <placekey>Black Sea Continental Slope, Province 1107</placekey> 
  <placekey>Dobrogea Foreland, Province 1103</placekey> 
  <placekey>Euphrates/Mardin, Province 2075</placekey> 
  <placekey>Haleb, Province 2076</placekey> 
  <placekey>Kola Monocline-Finnmark Platform, Province 1051</placekey> 
  <placekey>Mediterranean Basin, Province 2070</placekey> 
  <placekey>Pelagian Basin, Province 2048</placekey> 
  <placekey>Rif Basin, Province 2072</placekey> 
  <placekey>Russian Craton Margin, Province 1011</placekey> 
  <placekey>Ukrainian Shield, Province 1013</placekey> 
  <placekey>Zagros Fold Belt, Province 2030</placekey> 
  <placekey>Zagros Thrust Zone, Province 2031</placekey> 
  </place>
		</keywords>
		<accconst>None</accconst>
		<useconst>This database contains intellectual property of the United
Nations Educational, Scientific and Cultural Organization
(UNESCO) and of the Commission for the Geological Map of the
World (CMGW), and is used with their permission. Portions of this
database covering coastline and country boundaries contain
intellectual property of Environmental Systems Research
Institute, Inc. (ESRI), and are used with their permission.
End users are permitted to use these data sets for their own
internal use, including derivative work, but are prohibited
from using and redistributing these data individually or in a
derivative work to third parties. Please refer to the
"ATTACHMENT B" file (attach_b.txt) in the prmssn directory of
this CD-ROM for further information on ESRI's license agreement.
ESRI is a registered trademark in the United States and either
a trademark or registered trademark in all other countries where
it is used, and ArcExplorer, Arc/Info, Arcview and Arcworld
are trademarks of Environmental Systems Research, Inc.
</useconst>
		<ptcontac>
			<cntinfo>
				<cntorgp>
					<cntorg>U.S. Geological Survey</cntorg>
					<cntper>Donald L. Gautier</cntper>
				</cntorgp>
				<cntpos>Europe Regional Coordinator for World Energy Project</cntpos>
				<cntaddr>
					<addrtype>Mailing and physical address</addrtype>
					<address>345 Middlefield Road, MS 975</address>
					<city>Menlo Park</city>
					<state>CA</state>
					<postal>94025</postal>
					<country>U.S.A.</country>
				</cntaddr>
				<cntvoice>650.329.4909</cntvoice>
				<cntfax>650.329.4975</cntfax>
				<cntemail>gautier@usgs.gov</cntemail>
				<hours>9:00 am - 5:00 pm PST</hours>
			</cntinfo>
		</ptcontac>
		<browse>
			<browsen>http://certmapper.cr.usgs.gov/data/we/ofr97470i/graphic/geo4_2l.jpg</browsen>
			<browsed>Geographic extent of mapped generalized geology of Europe including Turkey</browsed>
			<browset>JPEG</browset>
		</browse>
		<datacred>
Attribution of generalized geologic age - Mark J. Pawlewicz, Susan M. Walden and Douglas W. Steinshouer
Digitization and attribution of Svalbard portion of coverage - Angela J. Williams
Adjusting and rubbersheeting coverage to ESRI base map data - Douglas W. Steinshouer
Editing and preparation of coverage for publication - Douglas W. Steinshouer
Documentation and metadata - Douglas W. Steinshouer
Coordination - Donald L. Gautier
</datacred>
		<native>SunOS, 5.6, sun4u UNIX Arc/Info v 7.1.1</native>
	</idinfo>
	<dataqual>
		<attracc>
			<attraccr>
All the attributes other than standard Arc/Info attributes are of character type.

1. Attribute item "GLG" (generalized geology) is abstracted from fill colors, fill patterns and labels on
UNESCO source maps denoting geologic age of surficial outcrops. Rock units whose age is divided within a
geologic period on the map are attributed undivided. For instance, units labeled "q", "qh", "qh`m", "qh`g",
"qh`fg", "qh`f", "qh`e", "qh`t", "qh`r", "qp", "qp`m", "qp`g", "qp`fg", "qp`f" and "qp`e" are attributed as "Q".
A more comprehensive discussion is offered below. Areas colored as surface water bodies and ocean are
attributed as "H2O". Areas outside of the political entities comprising Region 4, Europe, and Asia Minor are
attributed as "oth". Where there are disagreements on the original map sheets between the label and the fill
color, or where printing errors occur, the preference is given to the label in attributing the unit. In some
cases, a judgement is made according to the inferred geologic trend. Definitions for the values are found below
in the entity and attribute information section.

2. Standard verification of attribute reliability is performed
with the Arc/Info labelerrors command to find polygons without assigned character value or with more than one
value.

3. Plots are created of the coverage, colored and labeled by item "GLG" at the same scale, projection and map extent
of each of the UNESCO source map sheets for the purposes of review and examination. Review was conducted by persons
uninvolved in the compilation.

The geologic age generalized by USGS and the original UNESCO age classes are as follows:

Q = {q,qh,qh`m,qh`g,qh`fg,qh`f,qh`e,qh`t,qh`r,qp,qp`m,qp`g,qp`fg,qp`f,qp`e}
Qv = {V-q,B-qh,B-qp}
T = {q+ng,m,ng,m4,m3,m3+2,pg,m2,m1}
Tv = {V-m,B-m} CzMzv = {Vq-t,tq-t,B*q-t,aV*q-t,V`t*q-t,L`t*q-t}
CzMzi = {G-ne,M-ne,O-ne,U-ne,a-ne}
TK = {m+c}
Mz = {ms}
MzPz = {ms+pl,t+p}
K = {c,c2,c1}
KJ = {c+j}
J = {j,j3,j2,j1}
JTr = {j+t}
Tr = {t,t3,t2,t1}
Pz = {pl,pl2,pl1,h+d}
Pzv = {V*p-pr,L*p-pr,B*p-pr,aV*p-pr}
Pzi = {Mpl,Opl,Upl,aMpl}
P = {p,p2,p1}
C = {h,h2,h2`h,h1,h1`h}
D = {d,d3,d2,d1}
S = {s}
SO = {s+o}
O = {o}
Cm = {cb}
Pz = {pl}
Pzm = (Paleozoic age color or label with metamorphic fill patterns present)
Pzl = {pl1, s+cb}
Pzu = {pl2}
PzpCm = {eo,s+eo,cm+eo,pl+eo,pl1+eo}
PzpCmm = {eo,s+eo,cm+eo,pl+eo,pl1+eo}(metmamorphic fill patterns present)
pCm = {eo,pl+pr,pr,prA,prB,prC,prD,G-pr2,G-prA,G-prB,M-pr2,M-prA,G-pr1, G-prC,G-prD,M-prC,I-pr,O-pr,U-pr,aM-pr}

Metamorphic rocks (Mzm,Pzm) were defined by metamorphic fill patterns on source map sheets.
</attraccr>
		</attracc>
		<logic>
Polygon topology exists. Each polygon has one unique label point with unique id, there are no dangles.
Polygons are bounded at perimeter of extent, including areas attributed as water and where geologic
age is not shown. The coverage is topologically cleaned and built in Arc/Info 7.1.2.
</logic>
		<complete>
Ages that are divided on the original maps are attributed as undivided. For example: two adjacent polygons
of Lower and Middle Cretaceous age are digitized and attributed as one polygon of Cretaceous age.
Some unusual age classifications are attributed in a more generalized or standard manner. For instance:
Silurian through Eocambrian is attributed as Paleozoic. Acid, intermediate and basic igneous rocks are not
differentiated and are attributed as either intrusive or extrusive (volcanic) igneous rocks.
</complete>
		<posacc>
			<horizpa>
				<horizpar>
Although a relatively low Root Mean Square (RMS) error was achieved in registering the scanned
images, When the coverage was digitized there remained discrepencies with the ESRI sourced coverage. (ESRI Arcworld is chosen
as a standard because it is widely accepted and available.) These discrepencies are in part the result of the
registration problem, and in part caused by compilation differences between UNESCO and ESRI. Using a roving window,
piecewise rubbersheeting was performed with the Arc/Info adjust command, polygon option. Identifiable features of
inland water bodies and shorelines common to both sources are used as targets to create the "to - from" links for
adjusting the coverage. Overlaying plots of this coverage, corresponding to the source maps in scale, projection and map
extent, on a light table shows a variable offset ranging from 0 to 1 mm (5 km).

The following describe the tolerances:

1. Original geologic maps are presumed to be of 500 meter maximum accuracy (0.1mm at 1/5,000,000 scale)
2. Scanned images are of 200 dot/inch resolution (0.13 mm on paper map)
3. Scanned images were registered and rectified with an average RMS error of ~600 meters. (0.06 mm on paper map)
4. Fuzzy tolerance was set at 250 meters (0.31 pixel) and weed tolerance was set at 250 meters (0.31 pixel)
5. 100 points were sampled on the master coverage for fit with ESRI Arcworld country boundaries and an RMS error was calculated of 1,437 meters, the maximum error was 5,045 meters.
</horizpar>
			</horizpa>
		</posacc>
		<lineage>
			<srcinfo>
				<srccite>
					<citeinfo>
						<origin>H. -R. v. Gaertner (comp.)</origin>
						<origin>H.W. Walther (comp.)</origin>
						<origin>H.S. Weber (comp.)</origin>
						<origin>H.-H. Voss (comp.)</origin>
						<pubdate>19710000</pubdate>
						<title>
International Geological Map of Europe and the Mediterranean Region/
Carte Geologique de l'Europe et des regions riveraines de la Mediterranee
</title>
						<geoform>Map</geoform>
						<pubinfo>
							<pubplace>Hannover, Germany</pubplace>
							<publish>UNESCO</publish>
						</pubinfo>
					</citeinfo>
				</srccite>
				<srcscale>5000000</srcscale>
				<typesrc>Paper</typesrc>
				<srctime>
					<timeinfo>
						<sngdate>
							<caldate>19710000</caldate>
						</sngdate>
					</timeinfo>
					<srccurr>Date of Publication</srccurr>
				</srctime>
				<srccitea>UNESCO</srccitea>
				<srccontr>Geologic contacts and ages.</srccontr>
			</srcinfo>
			<srcinfo>
				<srccite>
					<citeinfo>
						<origin>Environmental Systems Research Institute, Inc. (ESRI)(comp.)</origin>
						<pubdate>19920000</pubdate>
						<title>Arcworld cntry_92</title>
						<geoform>Arc/Info coverage</geoform>
						<pubinfo>
							<pubplace>Redlands, CA</pubplace>
							<publish>Environmental Systems Research Institute, Inc. (ESRI)</publish>
						</pubinfo>
						<lworkcit>
							<citeinfo>
								<origin>Environmental Systems Research Institute, Inc. (ESRI)(comp.)</origin>
								<pubdate>19920000</pubdate>
								<title>Arcworld Digital Map of the World</title>
							</citeinfo>
						</lworkcit>
					</citeinfo>
				</srccite>
				<srcscale>3000000</srcscale>
				<typesrc>CD-ROM</typesrc>
				<srctime>
					<timeinfo>
						<sngdate>
							<caldate>19920000</caldate>
						</sngdate>
					</timeinfo>
					<srccurr>Date of Publication</srccurr>
				</srctime>
				<srccitea>ESRI</srccitea>
				<srccontr>
Used as a guide to match coastlines and inland water
bodies, and to verify island locations.
</srccontr>
			</srcinfo>
			<procstep>
				<procdesc>UNESCO source maps were scanned with 200 dot/inch resolution.</procdesc>
				<srcused>UNESCO</srcused>
				<procdate>20010600</procdate>
			</procstep>
			<procstep>
				<procdesc>UNESCO source maps were registered and rectified using the ESRI Arcworld coastlines coverage.</procdesc>
				<srcused>UNESCO</srcused>
				<srcused>ESRI</srcused>
				<procdate>20010600</procdate>
			</procstep>
			<procstep>
				<procdesc>Geologic contacts, faults and geologic age labels were digitized using the scanned images as a guide.</procdesc>
				<procdate>20011200</procdate>
			</procstep>
			<procstep>
				<procdesc>The portion of the Western map sheet containing Svalbard was digitized and attributed</procdesc>
				<srcused>UNESCO</srcused>
				<procdate>20000600</procdate>
			</procstep>
			<procstep>
				<procdesc>
The geologic age coverage was rectified by means of the Arc/Info adjust command with the polygon option
using the ESRI Arcworld 1:3m shoreline coverage
</procdesc>
				<procdate>20020100</procdate>
			</procstep>
			<procstep>
				<procdesc>Faults were extracted from geology coverage and put into a separate coverage.</procdesc>
				<procdate>20020100</procdate>
			</procstep>
			<procstep>
				<procdesc>
The geologic age coverage was generalized with the Arc/Info dissolve command using the
geologic age attribute as the dissolve item.
</procdesc>
				<procdate>20020200</procdate>
			</procstep>
			<procstep>
				<procdesc>The geologic coverage was projected to geographic longitude and latitude coordinates using the Arc/Info project command.</procdesc>
				<procdate>20020200</procdate>
			</procstep>
			<procstep>
				<procdesc>
The Svalbard geologic age coverage was projected to geographic longitude and latitude coordinates
with the Arc/Info project command.
</procdesc>
				<procdate>20001000</procdate>
			</procstep>
			<procstep>
				<procdesc>
Arcs and labelpoints of the Svalbard geologic age coverage projected in geographic coordinates were copied
and added to the geologic age coverage. Topology was created with the Arc/Info clean command using a fuzzy
tolerance of 0.001 degree.
</procdesc>
				<procdate>20020200</procdate>
			</procstep></lineage>
	</dataqual>
	<spdoinfo>
		<direct>Vector</direct>
		<ptvctinf>
			<sdtsterm>
				<sdtstype>GT-polygon composed of chains</sdtstype>
				<ptvctcnt>11891</ptvctcnt>
			</sdtsterm>
		</ptvctinf>
	</spdoinfo>
	<spref><horizsys><cordsysn><geogcsn Sync="TRUE">GCS_WGS_1984</geogcsn><projcsn Sync="TRUE">WGS_1984_Lambert_Conformal_Conic</projcsn></cordsysn><planar><mapproj><mapprojn Sync="TRUE">Lambert Conformal Conic</mapprojn><lambertc><stdparll Sync="TRUE">30.000000</stdparll><stdparll Sync="TRUE">60.000000</stdparll><longcm Sync="TRUE">12.000000</longcm><latprjo Sync="TRUE">22.000000</latprjo><feast Sync="TRUE">0.000000</feast><fnorth Sync="TRUE">0.000000</fnorth></lambertc></mapproj><planci><plance Sync="TRUE">coordinate pair</plance><plandu Sync="TRUE">meters</plandu><coordrep><absres Sync="TRUE">0.008192</absres><ordres Sync="TRUE">0.008192</ordres></coordrep></planci></planar><geodetic><horizdn Sync="TRUE">D_WGS_1984</horizdn><ellips Sync="TRUE">WGS_1984</ellips><semiaxis Sync="TRUE">6378137.000000</semiaxis><denflat Sync="TRUE">298.257224</denflat></geodetic></horizsys></spref>
	<eainfo>
		<detailed>
			<enttyp>
				<enttypl>geo4_2g.pat</enttypl>
				<enttypd>Polygon Attribute Table</enttypd>
				<enttypds>None</enttypds>
			</enttyp>
			<attr>
				<attrlabl>Area</attrlabl>
				<attrdef>Area of polygon</attrdef>
				<attrdefs>Software computed</attrdefs>
				<attrdomv>
					<rdom>
						<rdommin>0.000</rdommin>
						<rdommax>65.348</rdommax>
					</rdom>
				</attrdomv>
			</attr>
			<attr>
				<attrlabl>Perimeter</attrlabl>
				<attrdef>Perimeter of polygon</attrdef>
				<attrdefs>Software computed</attrdefs>
				<attrdomv>
					<rdom>
						<rdommin>0.066</rdommin>
						<rdommax>251.264</rdommax>
					</rdom>
				</attrdomv>
			</attr>
			<attr>
				<attrlabl>Geo4_2g#</attrlabl>
				<attrdef>Internal feature number</attrdef>
				<attrdefs>Software computed</attrdefs>
				<attrdomv>
					<rdom>
						<rdommin>2</rdommin>
						<rdommax>11892</rdommax>
					</rdom>
				</attrdomv>
			</attr>
			<attr>
				<attrlabl>Geo4_2g-id</attrlabl>
				<attrdef>Feature identification number</attrdef>
				<attrdefs>User Defined</attrdefs>
				<attrdomv>
					<rdom>
						<rdommin>2</rdommin>
						<rdommax>12065</rdommax>
					</rdom>
				</attrdomv>
			</attr>
			<attr>
				<attrlabl>Glg</attrlabl>
				<attrdef>Geologic age</attrdef>
				<attrdefs>User Defined</attrdefs>
				<attrdomv>
					<edom>
						<edomv>Q</edomv>
						<edomvd>Undivided Quaternary rocks</edomvd>
						<edomvds>U.S. Geological Survey</edomvds>
					</edom>
					<edom>
						<edomv>Qv</edomv>
						<edomvd>Quaternary volcanic rocks</edomvd>
						<edomvds>U.S. Geological Survey</edomvds>
					</edom>
					<edom>
						<edomv>T</edomv>
						<edomvd>Undivided Tertiary rocks</edomvd>
						<edomvds>U.S. Geological Survey</edomvds>
					</edom>
					<edom>
						<edomv>Tv</edomv>
						<edomvd>Tertiary volcanic rocks</edomvd>
						<edomvds>U.S. Geological Survey</edomvds>
					</edom>
					<edom>
						<edomv>N</edomv>
						<edomvd>Neogene rocks</edomvd>
						<edomvds>U.S. Geological Survey</edomvds>
					</edom>
					<edom>
						<edomv>Pg</edomv>
						<edomvd>Paleogene rocks</edomvd>
						<edomvds>U.S. Geological Survey</edomvds>
					</edom>
					<edom>
						<edomv>Czv</edomv>
						<edomvd>Cenozoic volcanic rocks</edomvd>
						<edomvds>U.S. Geological Survey</edomvds>
					</edom>
					<edom>
						<edomv>CzMzi</edomv>
						<edomvd>Cenozoic through Mesozoic intrusive igneous rocks</edomvd>
						<edomvds>U.S. Geological Survey</edomvds>
					</edom>
					<edom>
						<edomv>CzMzv</edomv>
						<edomvd>Cenozoic through Mesozoic volcanic rocks</edomvd>
						<edomvds>U.S. Geological Survey</edomvds>
					</edom>
					<edom>
						<edomv>Mz</edomv>
						<edomvd>Undivided Mesozoic rocks</edomvd>
						<edomvds>U.S. Geological Survey</edomvds>
					</edom>
					<edom>
						<edomv>Mzi</edomv>
						<edomvd>Mesozoic intrusive igneous rocks</edomvd>
						<edomvds>U.S. Geological Survey</edomvds>
					</edom>
					<edom>
						<edomv>Mzm</edomv>
						<edomvd>Mesozoic metamorphic rocks</edomvd>
						<edomvds>U.S. Geological Survey</edomvds>
					</edom>
					<edom>
						<edomv>Mzv</edomv>
						<edomvd>Mesozoic volcanic rocks</edomvd>
						<edomvds>U.S. Geological Survey</edomvds>
					</edom>
					<edom>
						<edomv>MzPz</edomv>
						<edomvd>Undivided Mesozoic through Paleozoic rocks</edomvd>
						<edomvds>U.S. Geological Survey</edomvds>
					</edom>
					<edom>
						<edomv>MzPzm</edomv>
						<edomvd>Mesozoic through Paleozoic metamorphic rocks</edomvd>
						<edomvds>U.S. Geological Survey</edomvds>
					</edom>
					<edom>
						<edomv>TK</edomv>
						<edomvd>Tertiary through Cretaceous rocks</edomvd>
						<edomvds>U.S. Geological Survey</edomvds>
					</edom>
					<edom>
						<edomv>K</edomv>
						<edomvd>Undivided Cretaceous rocks</edomvd>
						<edomvds>U.S. Geological Survey</edomvds>
					</edom>
					<edom>
						<edomv>KJ</edomv>
						<edomvd>Cretaceous through Jurassic rocks</edomvd>
						<edomvds>U.S. Geological Survey</edomvds>
					</edom>
					<edom>
						<edomv>J</edomv>
						<edomvd>Undivided Jurassic rocks</edomvd>
						<edomvds>U.S. Geological Survey</edomvds>
					</edom>
					<edom>
						<edomv>JTr</edomv>
						<edomvd>Jurassic through Triassic rocks</edomvd>
						<edomvds>U.S. Geological Survey</edomvds>
					</edom>
					<edom>
						<edomv>Tr</edomv>
						<edomvd>Undivided Triassic rocks</edomvd>
						<edomvds>U.S. Geological Survey</edomvds>
					</edom>
					<edom>
						<edomv>TrP</edomv>
						<edomvd>Triassic through Permian rocks</edomvd>
						<edomvds>U.S. Geological Survey</edomvds>
					</edom>
					<edom>
						<edomv>Pz</edomv>
						<edomvd>Undivided Paleozoic rocks</edomvd>
						<edomvds>U.S. Geological Survey</edomvds>
					</edom>
					<edom>
						<edomv>Pzi</edomv>
						<edomvd>Paleozoic intrusive igneous rocks</edomvd>
						<edomvds>U.S. Geological Survey</edomvds>
					</edom>
					<edom>
						<edomv>Pzm</edomv>
						<edomvd>Paleozoic metamorphic rocks</edomvd>
						<edomvds>U.S. Geological Survey</edomvds>
					</edom>
					<edom>
						<edomv>Pzv</edomv>
						<edomvd>Paleozoic volcanic rocks</edomvd>
						<edomvds>U.S. Geological Survey</edomvds>
					</edom>
					<edom>
						<edomv>Pzu</edomv>
						<edomvd>Upper Paleozoic rocks (Permian, Carboniferous and Devonian)</edomvd>
						<edomvds>U.S. Geological Survey</edomvds>
					</edom>
					<edom>
						<edomv>PzpCm</edomv>
						<edomvd>Paleozoic through Precambrian rocks</edomvd>
						<edomvds>U.S. Geological Survey</edomvds>
					</edom>
					<edom>
						<edomv>PzpCmm</edomv>
						<edomvd>Paleozoic through Precambrian metamorphic rocks</edomvd>
						<edomvds>U.S. Geological Survey</edomvds>
					</edom>
					<edom>
						<edomv>P</edomv>
						<edomvd>Undivided Permian rocks</edomvd>
						<edomvds>U.S. Geological Survey</edomvds>
					</edom>
					<edom>
						<edomv>C</edomv>
						<edomvd>Undivided Carboniferous rocks</edomvd>
						<edomvds>U.S. Geological Survey</edomvds>
					</edom>
					<edom>
						<edomv>CD</edomv>
						<edomvd>Carboniferous through Devonian rocks</edomvd>
						<edomvds>U.S. Geological Survey</edomvds>
					</edom>
					<edom>
						<edomv>D</edomv>
						<edomvd>Undivided Devonian rocks</edomvd>
						<edomvds>U.S. Geological Survey</edomvds>
					</edom>
					<edom>
						<edomv>DS</edomv>
						<edomvd>Devonian through Silurian rocks</edomvd>
						<edomvds>U.S. Geological Survey</edomvds>
					</edom>
					<edom>
						<edomv>Pzl</edomv>
						<edomvd>Lower Paleozoic rocks (Silurian, Ordovician, Cambrian)</edomvd>
						<edomvds>U.S. Geological Survey</edomvds>
					</edom>
					<edom>
						<edomv>S</edomv>
						<edomvd>Undivided Silurian rocks</edomvd>
						<edomvds>U.S. Geological Survey</edomvds>
					</edom>
					<edom>
						<edomv>SO</edomv>
						<edomvd>Silurian through Ordovician rocks</edomvd>
						<edomvds>U.S. Geological Survey</edomvds>
					</edom>
					<edom>
						<edomv>O</edomv>
						<edomvd>Undivided Ordovician rocks</edomvd>
						<edomvds>U.S. Geological Survey</edomvds>
					</edom>
					<edom>
						<edomv>OCm</edomv>
						<edomvd>Ordovician through Cambrian rocks</edomvd>
						<edomvds>U.S. Geological Survey</edomvds>
					</edom>
					<edom>
						<edomv>Cm</edomv>
						<edomvd>Undivided Cambrian rocks</edomvd>
						<edomvds>U.S. Geological Survey</edomvds>
					</edom>
					<edom>
						<edomv>pCm</edomv>
						<edomvd>Undivided Precambrian rocks (Sedimentary and metamorphic rocks are not differentiated)</edomvd>
						<edomvds>U.S. Geological Survey</edomvds>
					</edom>
					<edom>
						<edomv>pCmi</edomv>
						<edomvd>Precambrian intrusive igneous rocks</edomvd>
						<edomvds>U.S. Geological Survey</edomvds>
					</edom>
					<edom>
						<edomv>pCmv</edomv>
						<edomvd>Precambrian volcanic rocks</edomvd>
						<edomvds>U.S. Geological Survey</edomvds>
					</edom>
					<edom>
						<edomv>H2O</edomv>
						<edomvd>Surface water</edomvd>
						<edomvds>U.S. Geological Survey</edomvds>
					</edom>
					<edom>
						<edomv>i</edomv>
						<edomvd>Intrusive igneous rock of undetermined age</edomvd>
						<edomvds>U.S. Geological Survey</edomvds>
					</edom>
					<edom>
						<edomv>m</edomv>
						<edomvd>Metamorphic rocks of undetermined age</edomvd>
						<edomvds>U.S. Geological Survey</edomvds>
					</edom>
					<edom>
						<edomv>ice</edomv>
						<edomvd>Glacial ice</edomvd>
						<edomvds>U.S. Geological Survey</edomvds>
					</edom>
					<edom>
						<edomv>unk</edomv>
						<edomvd>Rock age and type undetermined</edomvd>
						<edomvds>U.S. Geological Survey</edomvds>
					</edom>
				</attrdomv>
			</attr>
		</detailed>
	</eainfo>
	<distinfo>
		<distrib>
			<cntinfo>
				<cntorgp>
					<cntorg>U.S. Geological Survey</cntorg>
					<cntper>Central Energy Resources Team</cntper>
				</cntorgp>
				<cntaddr>
					<addrtype>mailing and physical address</addrtype>
					<address>Box 25046, Denver Federal Center, MS 939</address>
					<city>Denver</city>
					<state>CO</state>
					<postal>80225-0046</postal>
					<country>U.S.A.</country>
				</cntaddr>
				<cntvoice>303.236.1647</cntvoice>
				<cntemail>eteamdisks@usgs.gov</cntemail>
				<hours>8:00 am - 4:00 pm MST</hours>
			</cntinfo>
		</distrib>
		<resdesc>Downloadable Data</resdesc>
		<distliab>
Although data are processed on a computer system at the U.S. Geological Survey,
U.S. Department of the Interior, no warranty, expressed or implied, is made by
the U.S. Geological Survey regarding the correctness of the data, or of the
utility of the data in any computer system, nor shall the act of distribution
constitute any such warranty.
</distliab>
		<stdorder>
			<digform>
				<digtinfo>
					<formname>ArcInfo Export File</formname>
					<formcont>Geology geographic features and attribute data</formcont>
					<transize>7 MB</transize>
				</digtinfo>
				<digtopt>
					<onlinopt>
						<computer>
							<networka>
								<networkr>http://certmapper.cr.usgs.gov/data/we/ofr97470i/spatial/export/geo4_2le.zip</networkr>
							</networka>
						</computer>
					</onlinopt>
				</digtopt>
			</digform>
			<digform>
				<digtinfo>
					<formname>Shapefile</formname>
					<formcont>Geology geographic features and attribute data</formcont>
					<transize Sync="TRUE">10 MB</transize></digtinfo>
				<digtopt>
					<onlinopt>
						<computer>
							<networka>
								<networkr>http://certmapper.cr.usgs.gov/data/we/ofr97470i/spatial/shape/geo4_2l.zip</networkr>
							</networka>
						</computer>
					</onlinopt>
				</digtopt>
			</digform>
			<digform>
				<digtinfo>
					<formname>Image Map Service (WorldEurope)</formname>
					<formvern>9.0</formvern>
					<formspec>ArcIMS Image Map Service</formspec>
					<formcont>A web-based interactive mapping system that accesses an ArcIMS Map Service running on certmapper.cr.usgs.gov</formcont></digtinfo>
				<digtopt>
					<onlinopt>
						<computer>
							<networka>
								<networkr>http://certmapper.cr.usgs.gov/pubs/servlet/MapViewerBroker?Service=WorldEurope&amp;OVMap=WorldEurope_overview&amp;project=world</networkr>
							</networka>
						</computer>
						<accinstr>This URL links to a web-based interactive mapping system that accesses an ArcIMS Image Map Service that runs in Netscape 4.7, Internet Explorer 4.5 and higher. The mapservice can also be accessed using any custom client that adheres to the protocol specified through ArcXML.</accinstr>
					</onlinopt>
				</digtopt>
			</digform>
			<digform>
				<digtinfo>
					<formname>
ARC/INFO Coverage
ARCE (ARC/INFO Export - No compression ascii)
ARCG (ARC/INFO Ungenerate)
Arcview shapefile
SDTS
</formname>
				</digtinfo>
				<digtopt>
					<offoptn>
						<offmedia>CD-ROM</offmedia>
						<recfmt>ISO 9660 with Apple HSF extensions</recfmt>
						<compat>
ISO 9660 format allows the CDROM
to be read by most computer operating systems.
</compat>
					</offoptn>
				</digtopt>
			</digform>
			<fees>None</fees>
		</stdorder>
	</distinfo>	
	<metainfo>
		<metd>2002</metd>
		<metrd>20050505</metrd>
		<metc>
			<cntinfo>
				<cntorgp>
					<cntorg>U.S. Geological Survey, Central Energy Resources Team</cntorg>
					<cntper>Douglas W. Steinshouer</cntper>
				</cntorgp>
				<cntpos>Contractor to USGS</cntpos>
				<cntaddr>
					<addrtype>mailing address</addrtype>
					<address>U.S. Geological Survey, P.O. Box 25046, MS 939, Denver Federal Center</address>
					<city>Denver</city>
					<state>Colorado</state>
					<postal>80225</postal>
					<country>USA</country>
				</cntaddr>
				<cntemail>datamgt@usgs.gov</cntemail>
				<cntinst>For inquiries regarding this document, please include the metadata contact person's name, dataset name, and publication series and number.</cntinst>
			</cntinfo>
		</metc>
		<metstdn>FGDC Content Standards for Digital Geospatial Metadata</metstdn>
		<metstdv>FGDC-STD-001-1998</metstdv>
		<langmeta Sync="TRUE">en</langmeta></metainfo>
	</metadata>
